iteration,time,f(x),gap,step_type,gamma,grad_norm,dgrad,method
0,0.0001628398895263672,-12.546987650517964,2.817141029564989,FW,0.026374311177902093,3.1474622000279355,-2.817141029564989,AFW
1,0.00034999847412109375,-12.584137727590857,2.1492607511953827,AW,0.022717424310019857,2.927096830678234,-2.1492607511953827,AFW
2,0.0005178451538085938,-12.608550561809745,1.5762317529547551,AW,0.017172882443816456,2.7893395505285508,-1.5762317529547551,AFW
3,0.0006818771362304688,-12.622084783108594,1.2964447986932754,FW,0.0138456014678199,2.7100627250990166,-1.2964447986932754,AFW
4,0.0008418560028076172,-12.631059812112467,0.9584026432555699,FW,0.010469065785598168,2.6780154614835863,-0.9584026432555699,AFW
5,0.0010068416595458984,-12.63607660227313,0.7619823896029393,AW,0.008441733362131587,2.653772123931188,-0.7619823896029393,AFW
6,0.0011758804321289062,-12.639292828352966,0.6050272301739171,AW,0.006516700008868463,2.6272735948212222,-0.6050272301739171,AFW
7,0.0013418197631835938,-12.641264218831086,0.4750178156367909,FW,0.005427208077194881,2.6202589389204336,-0.4750178156367909,AFW
8,0.001506805419921875,-12.642553229094002,0.33561560899616333,AW,0.0037182847547003878,2.607078803859379,-0.33561560899616333,AFW
9,0.001672983169555664,-12.643177186295187,0.2549342020986864,AW,0.0030316547169967874,2.6027764898002004,-0.2549342020986864,AFW
10,0.0018360614776611328,-12.64356362253335,0.21858720458965736,FW,0.00222796526374803,2.6047501787165666,-0.21858720458965736,AFW
11,0.0020008087158203125,-12.643807124882812,0.16071936079835525,AW,0.001563486333157704,2.602880859629978,-0.16071936079835525,AFW
12,0.002162933349609375,-12.643932766144847,0.13626083988616694,AW,0.0013206722933686748,2.5985436868500558,-0.13626083988616694,AFW
13,0.0023298263549804688,-12.644022744102807,0.10437588842396629,AW,0.001085040201495774,2.5956840139090516,-0.10437588842396629,AFW
14,0.0024929046630859375,-12.644079370120304,0.09216214062691352,FW,0.0009568329560433594,2.5939819111624423,-0.09216214062691352,AFW
15,0.003443002700805664,-12.644123462007034,0.0762571544499895,AW,0.0007438084595140571,2.5944106321926643,-0.0762571544499895,AFW
16,0.0038499832153320312,-12.64415182236532,0.06134850269790977,AW,0.0007136733581184594,2.5936717818626196,-0.06134850269790977,AFW
17,0.004135847091674805,-12.644173713761294,0.051085451909014784,FW,0.0005265314025307514,2.5924811245707717,-0.051085451909014784,AFW
18,0.004345893859863281,-12.64418716280861,0.041730588351256856,AW,0.00043248051811575837,2.592730733628017,-0.041730588351256856,AFW
19,0.004509925842285156,-12.644196186641851,0.03689752199083933,FW,0.0004134541472368886,2.5922496923339486,-0.03689752199083933,AFW
20,0.004670858383178711,-12.64420381435859,0.032512472689347836,AW,0.00036183625108771473,2.5924189703187333,-0.032512472689347836,AFW
21,0.004837751388549805,-12.644209696454208,0.027249786467303083,AW,0.0003044719429623558,2.591703907025231,-0.027249786467303083,AFW
22,0.0050048828125,-12.644213844851922,0.023158008448280892,FW,0.0002528361781524501,2.591688590038627,-0.023158008448280892,AFW
23,0.005227088928222656,-12.644216772443098,0.02011978714898585,AW,0.0001933468092229077,2.5915240884582307,-0.02011978714898585,AFW
24,0.005868673324584961,-12.644218717491421,0.016816942395861095,FW,0.00018804850734527087,2.591190158040239,-0.016816942395861095,AFW
25,0.0077970027923583984,-12.644220298691884,0.014712074413414718,AW,0.00015067230562146048,2.591203706951636,-0.014712074413414718,AFW
26,0.009874820709228516,-12.644221407042968,0.012892974754378006,FW,0.00012933870735725244,2.590979021904614,-0.012892974754378006,AFW
27,0.011584997177124023,-12.644222240823309,0.011518447841495374,FW,0.00012450959100884285,2.5908732616171477,-0.011518447841495374,AFW
28,0.013351917266845703,-12.64422295790192,0.009986730198766586,AW,0.00010222634634958908,2.5909994841936297,-0.009986730198766586,AFW
29,0.01478886604309082,-12.6442234683554,0.009025496807516381,AW,8.171141418752754e-05,2.591000848006252,-0.009025496807516381,AFW
30,0.016484737396240234,-12.644223837098444,0.009188137702064933,AW,8.938214994310161e-05,2.5908977262012027,-0.009188137702064933,AFW
31,0.01777482032775879,-12.644224247726203,0.008189858762882515,AW,8.162919557047495e-05,2.590850882349413,-0.008189858762882515,AFW
32,0.01972675323486328,-12.644224581991994,0.006608715217635508,AW,5.969883630215528e-05,2.5908700030897815,-0.006608715217635508,AFW
33,0.020206928253173828,-12.644224779258295,0.006549667669162235,FW,6.476649588734316e-05,2.590766982850245,-0.006549667669162235,AFW
34,0.020620107650756836,-12.6442249913578,0.0058804928324821815,AW,6.477314002903071e-05,2.590814542694108,-0.0058804928324821815,AFW
35,0.021597862243652344,-12.644225181806803,0.0056034577436448185,AW,6.171031262125732e-05,2.590773780998411,-0.0056034577436448185,AFW
36,0.021982908248901367,-12.644225354702368,0.005202392830047406,AW,5.6085128085787015e-05,2.5906609153552385,-0.005202392830047406,AFW
37,0.022256851196289062,-12.644225500590801,0.004900434399535483,AW,4.702626353833242e-05,2.590659096384675,-0.004900434399535483,AFW
38,0.022427797317504883,-12.644225615815362,0.005025728493937953,AW,5.123213544427317e-05,2.5906866636370114,-0.005025728493937953,AFW
39,0.022598981857299805,-12.644225744554765,0.0042211032321302355,AW,4.54065121780552e-05,2.590659968011534,-0.0042211032321302355,AFW
40,0.022771835327148438,-12.64422584038755,0.003918129209297974,AW,3.905287090027184e-05,2.5906120788268554,-0.003918129209297974,AFW
41,0.0229339599609375,-12.644225916894646,0.003972271648110232,FW,3.6844392702429584e-05,2.5905848722934715,-0.003972271648110232,AFW
42,0.023102998733520508,-12.644225990072615,0.0035352884851940908,AW,3.3695315050199337e-05,2.5906031144518824,-0.0035352884851940908,AFW
43,0.023270845413208008,-12.644226049633943,0.0034385043976221524,AW,3.132365154357658e-05,2.590652717102276,-0.0034385043976221524,AFW
44,0.023428916931152344,-12.644226103487199,0.003379716114549902,AW,3.24171545263961e-05,2.590605008890242,-0.003379716114549902,AFW
45,0.023587703704833984,-12.644226158267593,0.0031833447327547226,AW,3.11381712317132e-05,2.5905626364287353,-0.0031833447327547226,AFW
46,0.02374577522277832,-12.644226207829355,0.0029253132192079284,AW,2.735984414999136e-05,2.590562741220076,-0.0029253132192079284,AFW
47,0.024118900299072266,-12.644226247847412,0.0027790316770445883,AW,2.4550592384688893e-05,2.5905164739767708,-0.0027790316770445883,AFW
48,0.024376869201660156,-12.64422628196085,0.0027571871759960592,AW,2.463929362856908e-05,2.590532888082651,-0.0027571871759960592,AFW
49,0.02453780174255371,-12.64422631592842,0.0024561403814286065,AW,2.549695562234851e-05,2.5905241750517205,-0.0024561403814286065,AFW
50,0.024698972702026367,-12.644226347240478,0.002339614595205014,AW,2.3580512814072102e-05,2.5905073896722723,-0.002339614595205014,AFW
51,0.024854660034179688,-12.644226374825129,0.0022629199966863606,AW,2.2443309590423574e-05,2.5905117966000883,-0.0022629199966863606,AFW
52,0.02501201629638672,-12.644226400218834,0.0022442321047008024,AW,2.1053962749755297e-05,2.59049623026776,-0.0022442321047008024,AFW
53,0.025171995162963867,-12.644226423843822,0.0019572269011580434,AW,1.9183264139621792e-05,2.590479449743532,-0.0019572269011580434,AFW
54,0.025328874588012695,-12.644226442616828,0.0017392486141211416,FW,1.6860311825228905e-05,2.5904737665146733,-0.0017392486141211416,AFW
55,0.025482892990112305,-12.644226457278965,0.001715051960372166,AW,1.4991839236748574e-05,2.5904742210565024,-0.001715051960372166,AFW
56,0.02589702606201172,-12.644226470134862,0.0017216377040325248,AW,1.6936460188308306e-05,2.590469139041729,-0.0017216377040325248,AFW
57,0.026062726974487305,-12.644226484714075,0.0017493290806379208,AW,1.708292120433662e-05,2.590451909443733,-0.0017493290806379208,AFW
58,0.02622079849243164,-12.644226499655899,0.0015857280601667273,AW,1.5372407403276372e-05,2.5904559226448773,-0.0015857280601667273,AFW
59,0.02637791633605957,-12.644226511844133,0.0014498478937615689,AW,1.4377821968310639e-05,2.5904567451459832,-0.0014498478937615689,AFW
60,0.026616811752319336,-12.64422652226696,0.0014951395697206243,AW,1.4125293581642454e-05,2.5904688999147285,-0.0014951395697206243,AFW
61,0.02713775634765625,-12.644226532826602,0.0014450374861157966,AW,1.4281631527773324e-05,2.5904499357053647,-0.0014450374861157966,AFW
62,0.027570009231567383,-12.644226543145356,0.0012791575056677884,AW,1.2129036388543727e-05,2.5904274626816983,-0.0012791575056677884,AFW
63,0.027974843978881836,-12.644226550902824,0.001274265036081773,FW,1.2209860673862154e-05,2.5904178351057685,-0.001274265036081773,AFW
64,0.02829909324645996,-12.644226558682128,0.0012211945493538767,AW,1.1620416380923161e-05,2.590443259518619,-0.0012211945493538767,AFW
65,0.02869391441345215,-12.644226565777519,0.001121688300508461,FW,1.0615105690963532e-05,2.590426787087861,-0.001121688300508461,AFW
66,0.02905869483947754,-12.644226571730945,0.0011239113794808964,AW,9.812503225988888e-06,2.5904499253670457,-0.0011239113794808964,AFW
67,0.029411792755126953,-12.644226577245131,0.0010619817180305968,FW,8.83026692153776e-06,2.590430415323419,-0.0010619817180305968,AFW
68,0.029771089553833008,-12.644226581933923,0.0010226791501748156,AW,9.389534389874107e-06,2.5904403359784918,-0.0010226791501748156,AFW
69,0.030150890350341797,-12.644226586735158,0.0009967999783875026,AW,1.0084977311319997e-05,2.590429416243108,-0.0009967999783875026,AFW
70,0.03052377700805664,-12.64422659176151,0.0009947878591586024,FW,9.177647639444342e-06,2.5904277598976106,-0.0009947878591586024,AFW
71,0.030873775482177734,-12.64422659632642,0.0009437695221923975,AW,8.909287748654311e-06,2.590427737183125,-0.0009437695221923975,AFW
72,0.03124403953552246,-12.64422660053058,0.0009485348375751074,FW,8.544241620005916e-06,2.5904273147171395,-0.0009485348375751074,AFW
73,0.031459808349609375,-12.644226604582839,0.0009022979144055338,AW,7.6248598364224865e-06,2.590423241821282,-0.0009022979144055338,AFW
74,0.03159976005554199,-12.644226608022777,0.0008691648766863957,AW,9.343713105742404e-06,2.5904147892069878,-0.0008691648766863957,AFW
75,0.03173398971557617,-12.644226612083395,0.0008419832455072024,AW,8.27478471340497e-06,2.5904079162236497,-0.0008419832455072024,AFW
76,0.03186678886413574,-12.644226615567005,0.000863097103348795,AW,8.760333736611284e-06,2.5904035915828523,-0.000863097103348795,AFW
77,0.03200268745422363,-12.644226619347524,0.0007988370993177174,AW,7.868035836219519e-06,2.590410162774458,-0.0007988370993177174,AFW
78,0.0321347713470459,-12.644226622490162,0.0007795163807104016,FW,7.023662169024857e-06,2.5904034817976136,-0.0007795163807104016,AFW
79,0.03226494789123535,-12.644226625227692,0.0007713674439138452,AW,7.497490674916502e-06,2.590414012276114,-0.0007713674439138452,AFW
80,0.03239607810974121,-12.64422662811935,0.000723086991019195,FW,6.752401083320861e-06,2.5904025491972242,-0.000723086991019195,AFW
81,0.0325319766998291,-12.644226630560631,0.0006998876141323801,AW,6.537162913562728e-06,2.5904113854586726,-0.0006998876141323801,AFW
82,0.03266191482543945,-12.64422663284828,0.0006979079344504868,FW,6.026753288925018e-06,2.5904010381299467,-0.0006979079344504868,AFW
83,0.03279590606689453,-12.644226634951336,0.0006640547897717314,AW,6.266087499667344e-06,2.5904064415631396,-0.0006640547897717314,AFW
84,0.0329279899597168,-12.644226637031847,0.0006729093040476614,FW,6.283293023542579e-06,2.590405991181638,-0.0006729093040476614,AFW
85,0.03305983543395996,-12.644226639145888,0.0006554704498951264,AW,5.856812413768327e-06,2.590402169696169,-0.0006554704498951264,AFW
86,0.03319191932678223,-12.644226641065378,0.0006284644693080182,FW,5.737189088740775e-06,2.5904017868755256,-0.0006284644693080182,AFW
87,0.033325910568237305,-12.644226642868183,0.0005977064929078152,AW,5.083532924365171e-06,2.590404864487315,-0.0005977064929078152,AFW
88,0.03345680236816406,-12.644226644387416,0.000581499393242299,FW,5.264563113633753e-06,2.590397808641955,-0.000581499393242299,AFW
89,0.03358793258666992,-12.644226645918085,0.0005672672985352761,AW,5.2462420277880845e-06,2.590397355237739,-0.0005672672985352761,AFW
90,0.033719778060913086,-12.644226647406091,0.0005340353587465346,FW,4.979053880993266e-06,2.5903943888899925,-0.0005340353587465346,AFW
91,0.03385281562805176,-12.644226648735595,0.0005354240485946904,FW,5.815083966078101e-06,2.590400063382295,-0.0005354240485946904,AFW
92,0.03398585319519043,-12.644226650292362,0.0005338531943295394,AW,4.8138036956913855e-06,2.590394588232363,-0.0005338531943295394,AFW
93,0.034117937088012695,-12.644226651577291,0.0005109725975624563,FW,4.991922883989471e-06,2.590395033087022,-0.0005109725975624563,AFW
94,0.03425097465515137,-12.644226652852659,0.000500986820341498,FW,5.109113590773168e-06,2.5903958212844147,-0.000500986820341498,AFW
95,0.03438377380371094,-12.64422665413246,0.0004917164701364468,AW,4.724305678870762e-06,2.5903926798056656,-0.0004917164701364468,AFW
96,0.03451800346374512,-12.644226655293966,0.00047616387284928063,FW,4.462396117563757e-06,2.5903964945908444,-0.00047616387284928063,AFW
97,0.03464984893798828,-12.64422665635638,0.0004588446727325224,FW,4.924211509445754e-06,2.5903902666277903,-0.0004588446727325224,AFW
98,0.03478503227233887,-12.644226657486113,0.0004510787067179417,FW,4.948414960613364e-06,2.590392360787732,-0.0004510787067179417,AFW
99,0.03491687774658203,-12.644226658602166,0.0004402550659059201,AW,4.242813877694199e-06,2.5903896463186324,-0.0004402550659059201,AFW
100,0.0350489616394043,-12.644226659536132,0.00042365347811183784,FW,3.923100821518425e-06,2.590387958141163,-0.00042365347811183784,AFW
101,0.03518390655517578,-12.644226660367153,0.000438138597710247,FW,4.621834241242419e-06,2.5903858185089343,-0.000438138597710247,AFW
102,0.03531599044799805,-12.644226661379651,0.00042566156103376884,AW,3.6974823405957573e-06,2.590380699632502,-0.00042566156103376884,AFW
103,0.03545403480529785,-12.644226662166586,0.0003849416011090373,FW,3.4534636813231794e-06,2.590382767009184,-0.0003849416011090373,AFW
104,0.03568100929260254,-12.64422666283128,0.0003809605164713237,FW,4.181360455690485e-06,2.5903827399879362,-0.0003809605164713237,AFW
105,0.03600287437438965,-12.64422666362774,0.00037582809664250816,FW,3.5948939319324145e-06,2.5903814600764177,-0.00037582809664250816,AFW
106,0.036348819732666016,-12.644226664303277,0.0003701859843876776,FW,3.667126154824456e-06,2.5903829979153343,-0.0003701859843876776,AFW
107,0.036580801010131836,-12.644226664982035,0.00035623844273857674,AW,3.2529977997450563e-06,2.590378807732539,-0.00035623844273857674,AFW
108,0.036737680435180664,-12.644226665561453,0.0003414801371402626,FW,3.2055529275866557e-06,2.5903814927034565,-0.0003414801371402626,AFW
109,0.03689980506896973,-12.644226666108771,0.0003300987669672961,AW,3.0525081648103174e-06,2.5903804739736374,-0.0003300987669672961,AFW
110,0.03705787658691406,-12.644226666612584,0.0003216333786479897,FW,3.0279060207542893e-06,2.5903806328237233,-0.0003216333786479897,AFW
111,0.037216901779174805,-12.644226667099524,0.0003092777316967138,AW,2.9688937602508567e-06,2.5903801153471955,-0.0003092777316967138,AFW
112,0.037370920181274414,-12.644226667558629,0.00029366730290576737,FW,2.7680133083332266e-06,2.5903778634728276,-0.00029366730290576737,AFW
113,0.03754687309265137,-12.64422666796507,0.0002997342909900613,FW,3.275122168286406e-06,2.5903746256247295,-0.0002997342909900613,AFW
114,0.037987709045410156,-12.644226668455902,0.0003160322067620458,FW,3.0196979773517955e-06,2.590374575131964,-0.0003160322067620458,AFW
115,0.03834700584411621,-12.644226668933067,0.0002878074195530045,AW,2.7485813806981826e-06,2.590380617520644,-0.0002878074195530045,AFW
116,0.038613080978393555,-12.644226669328596,0.00028294971294051674,FW,2.8314545356743444e-06,2.590373602909084,-0.00028294971294051674,AFW
117,0.03877997398376465,-12.644226669729173,0.00026449828320718183,AW,2.4548659621411203e-06,2.5903784835201935,-0.00026449828320718183,AFW
118,0.03894305229187012,-12.64422667005383,0.00025758446713264327,FW,2.4751208666535854e-06,2.5903768554929774,-0.00025758446713264327,AFW
119,0.03908681869506836,-12.644226670372609,0.0002497886705844776,AW,2.1300938057055132e-06,2.5903755773111854,-0.0002497886705844776,AFW
120,0.03925299644470215,-12.64422667063864,0.00024997691928771437,FW,2.1660744845304396e-06,2.5903722453203604,-0.00024997691928771437,AFW
121,0.03939199447631836,-12.644226670909374,0.0002376170336076816,FW,2.2556627508762904e-06,2.590375331616284,-0.0002376170336076816,AFW
122,0.039552927017211914,-12.644226671177368,0.00023690820191760165,FW,2.509981727688557e-06,2.590376469148525,-0.00023690820191760165,AFW
123,0.03969883918762207,-12.644226671474689,0.0002338769456908113,FW,2.35497391654578e-06,2.59036981923286,-0.0002338769456908113,AFW
124,0.039839982986450195,-12.644226671750072,0.00024090900090588396,FW,2.208032849399637e-06,2.590369675804629,-0.00024090900090588396,AFW
125,0.03999686241149902,-12.64422667201604,0.00022759764940043226,FW,2.102319987855028e-06,2.5903714191873313,-0.00022759764940043226,AFW
126,0.040129661560058594,-12.644226672255275,0.00022606033838896977,FW,2.227072462409275e-06,2.5903735498507414,-0.00022606033838896977,AFW
127,0.04026198387145996,-12.644226672507012,0.00021758954140360665,FW,2.0580297833790885e-06,2.5903734327682377,-0.00021758954140360665,AFW
128,0.04039502143859863,-12.644226672730909,0.00019810600191191852,FW,1.8200939892690154e-06,2.5903701105929398,-0.00019810600191191852,AFW
129,0.04053187370300293,-12.644226672911197,0.00019702227636256286,FW,1.9980295777200142e-06,2.5903681856008456,-0.00019702227636256286,AFW
130,0.040663719177246094,-12.644226673108026,0.00020162609641555251,FW,1.9828772815110617e-06,2.5903707846241018,-0.00020162609641555251,AFW
131,0.04080009460449219,-12.644226673307923,0.00018022345844180554,AW,1.6766960009620933e-06,2.5903737365867134,-0.00018022345844180554,AFW
132,0.04093289375305176,-12.644226673459018,0.0001777034061939825,FW,1.6214178702052014e-06,2.590369796839302,-0.0001777034061939825,AFW
133,0.04106593132019043,-12.64422667360308,0.00017431012167637427,FW,1.671906162946434e-06,2.5903697052167645,-0.00017431012167637427,AFW
134,0.04119682312011719,-12.644226673748797,0.00017174946389214574,FW,1.7978754428890414e-06,2.5903676232922237,-0.00017174946389214574,AFW
135,0.04132986068725586,-12.644226673903185,0.00016551609003763457,AW,1.4524134195336165e-06,2.5903682356574786,-0.00016551609003763457,AFW
136,0.041519880294799805,-12.644226674023392,0.00016556007460981348,FW,1.5994889473567389e-06,2.590368206517534,-0.00016556007460981348,AFW
137,0.0418238639831543,-12.644226674155789,0.0001518391306257888,AW,1.3912923350090202e-06,2.590367007909474,-0.0001518391306257888,AFW
138,0.0419766902923584,-12.644226674261418,0.00014126120552307442,FW,1.3939456930083e-06,2.5903669397536073,-0.00014126120552307442,AFW
139,0.042109012603759766,-12.644226674359876,0.00015342437516328855,FW,1.4521354076688664e-06,2.5903651114558217,-0.00015342437516328855,AFW
140,0.04224109649658203,-12.644226674471266,0.00014486652337714068,FW,1.4605725380092038e-06,2.5903689303276054,-0.00014486652337714068,AFW
141,0.042372941970825195,-12.644226674577064,0.00015049039744460813,AW,1.396939660477785e-06,2.590369316934774,-0.00015049039744460813,AFW
142,0.04250383377075195,-12.644226674682177,0.00013256611495732207,FW,1.183661484452747e-06,2.590367120965907,-0.00013256611495732207,AFW
143,0.04263496398925781,-12.64422667476063,0.00013306456361177055,FW,1.3107498465473093e-06,2.590368253401394,-0.00013306456361177055,AFW
144,0.04276680946350098,-12.644226674847838,0.00013310090868423607,FW,1.3100162410853336e-06,2.590366492298588,-0.00013310090868423607,AFW
145,0.042897939682006836,-12.644226674935023,0.00013320737527471038,FW,1.36841830141087e-06,2.59036601716017,-0.00013320737527471038,AFW
146,0.04302787780761719,-12.644226675026157,0.0001331008622167118,FW,1.2499052988127671e-06,2.590366449738886,-0.0001331008622167118,AFW
147,0.04315972328186035,-12.644226675109344,0.000120530078078801,FW,1.1589887482824888e-06,2.5903672174357375,-0.000120530078078801,AFW
148,0.043289899826049805,-12.64422667517919,0.00011728005801048269,FW,1.225517019732551e-06,2.5903657924539254,-0.00011728005801048269,AFW
149,0.04342389106750488,-12.644226675251057,0.00012015354937801315,FW,1.1603299894334301e-06,2.590365205971235,-0.00012015354937801315,AFW
150,0.04355883598327637,-12.644226675320768,0.00011669177492990013,FW,1.222826274443536e-06,2.590364122448277,-0.00011669177492990013,AFW
151,0.04369091987609863,-12.64422667539211,0.00010796609712308836,FW,9.481554836858162e-07,2.59036445140597,-0.00010796609712308836,AFW
152,0.0438227653503418,-12.644226675443296,0.00010268182567844952,FW,9.971666376535634e-07,2.5903649402408893,-0.00010268182567844952,AFW
153,0.04395484924316406,-12.644226675494487,0.00010486184186583869,FW,1.2018911913150626e-06,2.590365306953047,-0.00010486184186583869,AFW
154,0.04408693313598633,-12.644226675557505,0.00010037486643972582,FW,9.869530161983714e-07,2.590364920415811,-0.00010037486643972582,AFW
155,0.044219970703125,-12.644226675607042,0.00010127312056759652,FW,1.0095381830467648e-06,2.5903654606030946,-0.00010127312056759652,AFW
156,0.044352054595947266,-12.644226675658162,9.498802800306239e-05,FW,8.917327407628508e-07,2.5903641456670323,-9.498802800306239e-05,AFW
157,0.04448270797729492,-12.644226675700516,8.926979112269806e-05,FW,9.086821696811217e-07,2.5903643874107325,-8.926979112269806e-05,AFW
158,0.04461383819580078,-12.64422667574107,8.897192486789773e-05,AW,8.146712631534173e-07,2.5903649123909216,-8.897192486789773e-05,AFW
159,0.04474496841430664,-12.644226675777315,8.011249929598674e-05,FW,7.293117993750288e-07,2.590362875281798,-8.011249929598674e-05,AFW
160,0.04487490653991699,-12.644226675806523,8.086908391873038e-05,FW,7.426426207560305e-07,2.590364630295478,-8.086908391873038e-05,AFW
161,0.045006752014160156,-12.644226675836558,8.040966363634383e-05,AW,7.751104032664586e-07,2.590364438392601,-8.040966363634383e-05,AFW
162,0.0451357364654541,-12.644226675867717,7.702555409649925e-05,FW,7.372728903474416e-07,2.5903641198534686,-7.702555409649925e-05,AFW
163,0.04526686668395996,-12.644226675896114,7.397726143967831e-05,FW,7.641893405706597e-07,2.5903638850411195,-7.397726143967831e-05,AFW
164,0.04539799690246582,-12.644226675924376,7.736053913384722e-05,FW,7.604616289401655e-07,2.590363422147645,-7.736053913384722e-05,AFW
165,0.045526742935180664,-12.644226675953792,7.427324891430553e-05,FW,7.395495705585486e-07,2.590363078496241,-7.427324891430553e-05,AFW
166,0.04565691947937012,-12.64422667598126,7.110273313090665e-05,AW,6.628270605204798e-07,2.5903637528041386,-7.110273313090665e-05,AFW
167,0.045787811279296875,-12.644226676004825,6.683367110114913e-05,FW,6.176730343856411e-07,2.5903627060091665,-6.683367110114913e-05,AFW
168,0.04591989517211914,-12.644226676025465,6.651837376506209e-05,FW,6.274989005819803e-07,2.590363664259047,-6.651837376506209e-05,AFW
169,0.04604983329772949,-12.644226676046335,6.707852045496898e-05,FW,6.34645238325992e-07,2.5903625793868903,-6.707852045496898e-05,AFW
170,0.04618072509765625,-12.644226676067618,6.423179236522691e-05,FW,6.307112685247141e-07,2.590362113207292,-6.423179236522691e-05,AFW
171,0.0463109016418457,-12.644226676087877,5.924013255943772e-05,AW,5.823051000055585e-07,2.590362360844069,-5.924013255943772e-05,AFW
172,0.046440839767456055,-12.644226676105129,5.9415085673197865e-05,FW,5.593501077823246e-07,2.5903616582908957,-5.9415085673197865e-05,AFW
173,0.046571969985961914,-12.644226676121743,5.6565001768454914e-05,FW,5.585780591907256e-07,2.590361890297988,-5.6565001768454914e-05,AFW
174,0.04670286178588867,-12.644226676137535,5.745590764266728e-05,FW,5.525809767677731e-07,2.590361856987832,-5.745590764266728e-05,AFW
175,0.04683399200439453,-12.644226676153412,5.645619092263521e-05,FW,5.607536861985142e-07,2.590362317322944,-5.645619092263521e-05,AFW
176,0.04696774482727051,-12.644226676169241,5.435770153176811e-05,FW,5.266673591541286e-07,2.5903621488543216,-5.435770153176811e-05,AFW
177,0.04709887504577637,-12.644226676183557,5.329795656607017e-05,AW,4.841342823583872e-07,2.5903616992213254,-5.329795656607017e-05,AFW
178,0.04722785949707031,-12.644226676196453,4.9588909015629845e-05,AW,4.4008369281277735e-07,2.5903616026560705,-4.9588909015629845e-05,AFW
179,0.04735684394836426,-12.644226676207374,4.8236475183718874e-05,FW,4.1901889726064974e-07,2.5903614349382584,-4.8236475183718874e-05,AFW
180,0.04748702049255371,-12.644226676217475,4.7508513915356376e-05,FW,4.4705948037557515e-07,2.590361230780758,-4.7508513915356376e-05,AFW
181,0.047618865966796875,-12.644226676228095,4.780728885926677e-05,FW,4.467905446341145e-07,2.5903613238063095,-4.780728885926677e-05,AFW
182,0.047757863998413086,-12.644226676238773,4.662778603570228e-05,FW,4.6494628866290426e-07,2.5903611591471583,-4.662778603570228e-05,AFW
183,0.04790186882019043,-12.644226676249616,4.3667198658836615e-05,AW,4.4030260115092253e-07,2.5903614755894946,-4.3667198658836615e-05,AFW
184,0.04803299903869629,-12.644226676259237,4.132751297278303e-05,FW,3.890935574295934e-07,2.59036083270972,-4.132751297278303e-05,AFW
185,0.04816389083862305,-12.644226676267266,3.9595573376821624e-05,FW,3.8044880556392966e-07,2.5903609619354397,-3.9595573376821624e-05,AFW
186,0.04829597473144531,-12.644226676274807,4.185582069270166e-05,AW,3.7244713458979514e-07,2.590361035137561,-4.185582069270166e-05,AFW
187,0.048425912857055664,-12.644226676282594,3.733757066420873e-05,FW,3.595942122887009e-07,2.5903606376663455,-3.733757066420873e-05,AFW
188,0.04855608940124512,-12.644226676289305,3.770455398412198e-05,FW,4.0338506932042104e-07,2.5903606616461974,-3.770455398412198e-05,AFW
189,0.04868674278259277,-12.644226676296906,3.902051489887426e-05,FW,4.1784372786162215e-07,2.5903608039410035,-3.902051489887426e-05,AFW
190,0.04881787300109863,-12.644226676305067,3.758979275662877e-05,FW,3.5423528659991514e-07,2.5903609177838733,-3.758979275662877e-05,AFW
191,0.04894900321960449,-12.644226676311723,3.5457558569207404e-05,FW,4.036459110702552e-07,2.5903602507743315,-3.5457558569207404e-05,AFW
192,0.04908180236816406,-12.644226676318878,3.5488745544418054e-05,FW,3.4202519125420224e-07,2.59036068538642,-3.5488745544418054e-05,AFW
193,0.04921388626098633,-12.644226676324946,3.4170571415553797e-05,FW,3.5911999453189734e-07,2.5903602161187806,-3.4170571415553797e-05,AFW
194,0.04934573173522949,-12.64422667633108,3.5647454462758854e-05,FW,3.5429663103268446e-07,2.5903602307354223,-3.5647454462758854e-05,AFW
195,0.049475908279418945,-12.644226676337402,3.295072845563296e-05,FW,3.429206697198522e-07,2.5903603582569246,-3.295072845563296e-05,AFW
196,0.04960489273071289,-12.64422667634305,3.014155583246081e-05,AW,2.9361231321931003e-07,2.590360511442981,-3.014155583246081e-05,AFW
197,0.04974079132080078,-12.644226676347472,2.9212691855309836e-05,FW,2.565274669397919e-07,2.5903600228169847,-2.9212691855309836e-05,AFW
198,0.049890756607055664,-12.644226676351218,2.8188113893254374e-05,AW,2.4775889641644614e-07,2.5903602588879373,-2.8188113893254374e-05,AFW
199,0.05002188682556152,-12.644226676354716,2.683099229344732e-05,FW,2.507178119651588e-07,2.5903600796282134,-2.683099229344732e-05,AFW
200,0.05015397071838379,-12.64422667635807,2.6806779485272214e-05,FW,2.9374196734952716e-07,2.5903599078846327,-2.6806779485272214e-05,AFW
201,0.05028390884399414,-12.64422667636201,2.6902803225342664e-05,FW,2.716174251615319e-07,2.5903600269276557,-2.6902803225342664e-05,AFW
202,0.05041384696960449,-12.644226676365665,2.614466667874571e-05,FW,3.02849896471905e-07,2.5903601203501516,-2.614466667874571e-05,AFW
203,0.05055379867553711,-12.644226676369623,2.5352081907126234e-05,AW,2.440110188540761e-07,2.590359637351978,-2.5352081907126234e-05,AFW
204,0.0507359504699707,-12.644226676372712,2.417967936178822e-05,FW,2.3837641376639102e-07,2.5903596535711264,-2.417967936178822e-05,AFW
205,0.05106377601623535,-12.644226676375595,2.3900926464884287e-05,AW,2.1656414309061616e-07,2.5903597181714315,-2.3900926464884287e-05,AFW
206,0.05137205123901367,-12.644226676378189,2.3148023039445964e-05,FW,2.1898030252088273e-07,2.5903595210791273,-2.3148023039445964e-05,AFW
207,0.051689863204956055,-12.644226676380722,2.3204136228610617e-05,FW,2.1675704179984549e-07,2.5903594111698913,-2.3204136228610617e-05,AFW
208,0.05183005332946777,-12.644226676383239,2.186283917403331e-05,FW,2.1751827198878095e-07,2.5903596313856934,-2.186283917403331e-05,AFW
209,0.05196189880371094,-12.644226676385614,2.2559119560047747e-05,FW,2.106147940633651e-07,2.590359433659628,-2.2559119560047747e-05,AFW
210,0.0520939826965332,-12.644226676387994,2.0652544951760277e-05,FW,2.1298576451087552e-07,2.5903595425821404,-2.0652544951760277e-05,AFW
211,0.05236101150512695,-12.644226676390193,2.0613005337552504e-05,FW,1.859619481702642e-07,2.5903596154361415,-2.0613005337552504e-05,AFW
212,0.0526738166809082,-12.644226676392103,2.0402473677905153e-05,FW,1.883942761696467e-07,2.590359705652733,-2.0402473677905153e-05,AFW
213,0.05283308029174805,-12.644226676394029,1.8963181496661763e-05,FW,2.0341956281231172e-07,2.5903595442727596,-1.8963181496661763e-05,AFW
214,0.052986860275268555,-12.64422667639596,2.0114363608186858e-05,FW,1.8678013374894866e-07,2.5903591770119854,-2.0114363608186858e-05,AFW
215,0.05314469337463379,-12.64422667639783,1.827998122672092e-05,FW,1.726480667747131e-07,2.5903592378503157,-1.827998122672092e-05,AFW
216,0.05327486991882324,-12.644226676399407,1.8290791673328255e-05,FW,1.717012241460558e-07,2.5903592336967205,-1.8290791673328255e-05,AFW
217,0.0534060001373291,-12.644226676400983,1.7630653628628035e-05,FW,1.707239668807306e-07,2.59035933593309,-1.7630653628628035e-05,AFW
218,0.053537845611572266,-12.64422667640249,1.735605083053038e-05,FW,1.70207006999654e-07,2.590359269035629,-1.735605083053038e-05,AFW
219,0.05367302894592285,-12.644226676403967,1.6037250270994896e-05,FW,1.5490723320467815e-07,2.5903592285497927,-1.6037250270994896e-05,AFW
220,0.053804874420166016,-12.644226676405205,1.613426537477869e-05,AW,1.5059410232985449e-07,2.590359246376549,-1.613426537477869e-05,AFW
221,0.05393576622009277,-12.644226676406426,1.5335491390225386e-05,FW,1.4957417156615592e-07,2.5903589594826166,-1.5335491390225386e-05,AFW
222,0.05406379699707031,-12.644226676407573,1.4833116496526522e-05,AW,1.4367756367236973e-07,2.5903589083303338,-1.4833116496526522e-05,AFW
223,0.05419492721557617,-12.644226676408637,1.4127667388841303e-05,FW,1.3330629759283575e-07,2.590359044608194,-1.4127667388841303e-05,AFW
224,0.05432605743408203,-12.64422667640958,1.353049371505266e-05,AW,1.1687813487280823e-07,2.5903589079558476,-1.353049371505266e-05,AFW
225,0.05445575714111328,-12.644226676410371,1.2930337409261528e-05,FW,1.1359970882573338e-07,2.590358891839343,-1.2930337409261528e-05,AFW
226,0.05458688735961914,-12.6442266764111,1.2859200909487445e-05,AW,1.1934804406128883e-07,2.590358831659564,-1.2859200909487445e-05,AFW
227,0.05471682548522949,-12.644226676411872,1.2758464097276101e-05,FW,1.16778127605969e-07,2.590358829145376,-1.2758464097276101e-05,AFW
228,0.05484604835510254,-12.644226676412611,1.1944736433733283e-05,AW,1.1399422921898509e-07,2.590358831937179,-1.1944736433733283e-05,AFW
229,0.054979801177978516,-12.644226676413295,1.1887305074870236e-05,FW,1.0742383405670194e-07,2.590358831973843,-1.1887305074870236e-05,AFW
230,0.05511283874511719,-12.64422667641393,1.153556761857022e-05,FW,1.1208204243021763e-07,2.5903588417675487,-1.153556761857022e-05,AFW
231,0.05524468421936035,-12.644226676414583,1.2329170462899164e-05,FW,1.2348856583143996e-07,2.590358942915134,-1.2329170462899164e-05,AFW
232,0.05537581443786621,-12.64422667641534,1.157558568090633e-05,FW,1.1294149628097895e-07,2.590358830916061,-1.157558568090633e-05,AFW
233,0.05550694465637207,-12.644226676415993,1.1495487966861617e-05,FW,1.1521309257365587e-07,2.5903589334371335,-1.1495487966861617e-05,AFW
234,0.055644989013671875,-12.644226676416661,1.080759638862061e-05,AW,1.0184236351527668e-07,2.590358817660856,-1.080759638862061e-05,AFW
235,0.05577993392944336,-12.644226676417206,1.0330000927899485e-05,FW,9.401069956665144e-08,2.590358798408083,-1.0330000927899485e-05,AFW
236,0.055912017822265625,-12.644226676417688,1.0234590608226846e-05,FW,9.82539978383606e-08,2.590358892776259,-1.0234590608226846e-05,AFW
237,0.05604290962219238,-12.644226676418194,9.979068198884278e-06,FW,1.0175611401529318e-07,2.590358881409383,-9.979068198884278e-06,AFW
238,0.05617380142211914,-12.644226676418702,9.56402326454664e-06,FW,1.038971796243379e-07,2.590358807146718,-9.56402326454664e-06,AFW
239,0.05630373954772949,-12.6442266764192,1.0029775715902911e-05,FW,9.966592653457243e-08,2.590358822876894,-1.0029775715902911e-05,AFW
240,0.056433916091918945,-12.644226676419695,9.492068606870019e-06,FW,1.0111807581536908e-07,2.5903588133476854,-9.492068606870019e-06,AFW
241,0.05656599998474121,-12.644226676420182,9.3087418591431e-06,FW,9.822352046438336e-08,2.5903587881571366,-9.3087418591431e-06,AFW
242,0.056697845458984375,-12.644226676420633,8.979673813871991e-06,AW,8.144620833200543e-08,2.590358677751892,-8.979673813871991e-06,AFW
243,0.05682992935180664,-12.644226676420999,8.386769300164354e-06,FW,7.180738511970735e-08,2.5903586317074034,-8.386769300164354e-06,AFW
244,0.0569610595703125,-12.64422667642131,7.953187890541447e-06,AW,6.687870983368527e-08,2.5903586972292376,-7.953187890541447e-06,AFW
245,0.05709075927734375,-12.644226676421576,7.4672075650178416e-06,FW,6.66792840165598e-08,2.590358593494239,-7.4672075650178416e-06,AFW
246,0.05722188949584961,-12.64422667642182,7.968143792946858e-06,FW,8.159420384731877e-08,2.590358646962225,-7.968143792946858e-06,AFW
247,0.057394981384277344,-12.644226676422145,7.750051310664863e-06,FW,6.806996803043173e-08,2.590358637683247,-7.750051310664863e-06,AFW
248,0.0577998161315918,-12.644226676422402,7.495671224502787e-06,FW,7.446100090602875e-08,2.590358689766647,-7.495671224502787e-06,AFW
249,0.058110952377319336,-12.644226676422694,7.4118821489360665e-06,FW,7.744617397093428e-08,2.590358508191387,-7.4118821489360665e-06,AFW
250,0.058415889739990234,-12.644226676422978,7.01861746842114e-06,FW,7.386816835966e-08,2.5903585515517564,-7.01861746842114e-06,AFW
251,0.05871891975402832,-12.64422667642323,7.120598303975156e-06,FW,7.639338309332134e-08,2.590358565639477,-7.120598303975156e-06,AFW
252,0.059020042419433594,-12.644226676423509,6.4876037755845495e-06,FW,7.474101848188569e-08,2.590358550661753,-6.4876037755845495e-06,AFW
253,0.059326887130737305,-12.644226676423754,6.959546599877298e-06,FW,6.841793557630037e-08,2.590358501956293,-6.959546599877298e-06,AFW
254,0.059623003005981445,-12.644226676423985,6.49505413481688e-06,FW,6.371760861812876e-08,2.590358516494703,-6.49505413481688e-06,AFW
255,0.0597689151763916,-12.644226676424193,6.397794914042576e-06,FW,7.034032518444589e-08,2.5903585213044114,-6.397794914042576e-06,AFW
256,0.05990099906921387,-12.64422667642442,5.820166571288143e-06,FW,5.9005249413090896e-08,2.59035849424984,-5.820166571288143e-06,AFW
257,0.060031890869140625,-12.644226676424582,5.7325315150486e-06,FW,5.701561715111872e-08,2.590358451645417,-5.7325315150486e-06,AFW
258,0.06016278266906738,-12.644226676424754,5.746978040746531e-06,FW,5.349341662155902e-08,2.590358477999915,-5.746978040746531e-06,AFW
259,0.06029391288757324,-12.644226676424912,5.468208840342381e-06,FW,5.423555969224676e-08,2.590358479197783,-5.468208840342381e-06,AFW
260,0.06042599678039551,-12.644226676425056,5.0180013434486526e-06,AW,5.2440483557162394e-08,2.5903585253238384,-5.0180013434486526e-06,AFW
261,0.060742855072021484,-12.644226676425186,4.742752498190783e-06,FW,4.597641278594473e-08,2.5903584949005705,-4.742752498190783e-06,AFW
262,0.06104397773742676,-12.644226676425292,4.689822799205934e-06,FW,4.5275861648650406e-08,2.5903584579683208,-4.689822799205934e-06,AFW
263,0.06134200096130371,-12.644226676425403,4.9927695865981114e-06,FW,5.197530473587965e-08,2.59035840357183,-4.9927695865981114e-06,AFW
264,0.06164097785949707,-12.64422667642553,4.805397302423686e-06,FW,4.743066378791953e-08,2.5903583638805,-4.805397302423686e-06,AFW
265,0.06193995475769043,-12.644226676425644,4.432765959766494e-06,FW,4.47307074467857e-08,2.590358390718794,-4.432765959766494e-06,AFW
266,0.06224489212036133,-12.644226676425742,4.29872654109098e-06,FW,4.421345052300125e-08,2.590358416562531,-4.29872654109098e-06,AFW
267,0.06253480911254883,-12.644226676425836,4.591486119046029e-06,FW,4.383280814207818e-08,2.5903583760429707,-4.591486119046029e-06,AFW
268,0.0626688003540039,-12.64422667642594,4.231753880937217e-06,FW,4.0617994665474325e-08,2.5903583788498254,-4.231753880937217e-06,AFW
269,0.06280088424682617,-12.644226676426028,3.8003542461029216e-06,AW,3.6360426730290895e-08,2.590358392321537,-3.8003542461029216e-06,AFW
270,0.06293201446533203,-12.644226676426092,3.697306958067026e-06,FW,3.839998656559694e-08,2.5903583757956077,-3.697306958067026e-06,AFW
271,0.06306266784667969,-12.644226676426163,3.855976105845982e-06,FW,3.6755881466538223e-08,2.59035838106367,-3.855976105845982e-06,AFW
272,0.06319379806518555,-12.64422667642624,3.619552076519761e-06,AW,3.3520053654280646e-08,2.5903583175658764,-3.619552076519761e-06,AFW
273,0.06332588195800781,-12.644226676426294,3.376861334031256e-06,FW,3.627476525013873e-08,2.5903583652181856,-3.376861334031256e-06,AFW
274,0.0635068416595459,-12.644226676426356,3.20006692228203e-06,FW,3.3852380786137075e-08,2.5903582829192824,-3.20006692228203e-06,AFW
275,0.06381893157958984,-12.644226676426415,3.4502128004876287e-06,FW,3.677152212907936e-08,2.5903582893898016,-3.4502128004876287e-06,AFW
276,0.06418895721435547,-12.644226676426477,3.3367221838193073e-06,FW,3.503382237397065e-08,2.5903583616709254,-3.3367221838193073e-06,AFW
277,0.06432175636291504,-12.64422667642653,3.2821824921258624e-06,FW,3.7221311746357936e-08,2.59035839628144,-3.2821824921258624e-06,AFW
278,0.0644528865814209,-12.644226676426594,3.3758397123273554e-06,FW,3.196792143659625e-08,2.590358345892074,-3.3758397123273554e-06,AFW
279,0.06458401679992676,-12.644226676426651,3.012563100590615e-06,FW,3.113789581367587e-08,2.5903582809117562,-3.012563100590615e-06,AFW
280,0.06471395492553711,-12.644226676426696,2.9133193855390704e-06,FW,2.7956074377523884e-08,2.590358264793209,-2.9133193855390704e-06,AFW
281,0.06484484672546387,-12.644226676426737,2.8101141754943715e-06,FW,2.5091985941996798e-08,2.5903583068884917,-2.8101141754943715e-06,AFW
282,0.06497383117675781,-12.644226676426769,2.7918907545276817e-06,FW,2.772791268221806e-08,2.5903583390096134,-2.7918907545276817e-06,AFW
283,0.06510496139526367,-12.644226676426813,2.7414780790213644e-06,FW,2.876279857700871e-08,2.5903583480794707,-2.7414780790213644e-06,AFW
284,0.06523489952087402,-12.64422667642685,2.571456319280796e-06,FW,2.555734212004613e-08,2.5903582999326487,-2.571456319280796e-06,AFW
285,0.06536984443664551,-12.644226676426884,2.506350779252209e-06,FW,2.5939747456609043e-08,2.5903582880643254,-2.506350779252209e-06,AFW
286,0.06563878059387207,-12.644226676426914,2.6239617985507335e-06,FW,2.4154303486266534e-08,2.590358282185609,-2.6239617985507335e-06,AFW
287,0.0659799575805664,-12.64422667642694,2.3664840088505334e-06,AW,2.295187977817212e-08,2.5903582969895864,-2.3664840088505334e-06,AFW
288,0.06629395484924316,-12.644226676426973,2.1614335485031777e-06,FW,2.1133129571836654e-08,2.590358271064736,-2.1614335485031777e-06,AFW
289,0.06660676002502441,-12.644226676427001,2.1494798412846627e-06,AW,2.0696204322969518e-08,2.590358286361133,-2.1494798412846627e-06,AFW
290,0.06685805320739746,-12.644226676427024,2.0053671141578855e-06,FW,1.9899455095440223e-08,2.5903582400854037,-2.0053671141578855e-06,AFW
291,0.06706786155700684,-12.644226676427037,1.9481489764439086e-06,FW,1.9649426344669872e-08,2.590358267427854,-1.9481489764439086e-06,AFW
292,0.0671999454498291,-12.644226676427062,1.9671227895201593e-06,FW,2.2868931552118388e-08,2.590358281721616,-1.9671227895201593e-06,AFW
293,0.06733083724975586,-12.644226676427083,2.1103257842047807e-06,FW,2.1927844191572634e-08,2.590358259378978,-2.1103257842047807e-06,AFW
294,0.06746387481689453,-12.644226676427108,2.0852325329084875e-06,FW,2.286512580738414e-08,2.59035826119039,-2.0852325329084875e-06,AFW
295,0.06760287284851074,-12.64422667642713,1.8808971654071804e-06,FW,1.937233377106328e-08,2.5903582463002377,-1.8808971654071804e-06,AFW
296,0.0677340030670166,-12.644226676427147,1.7806464961411805e-06,FW,1.7564463617865917e-08,2.590358251107155,-1.7806464961411805e-06,AFW
297,0.06786274909973145,-12.64422667642716,1.7209192638978354e-06,FW,1.6994273695121414e-08,2.5903582512816983,-1.7209192638978354e-06,AFW
298,0.0679938793182373,-12.644226676427179,1.7636356019756771e-06,FW,1.8467577736086306e-08,2.590358246677303,-1.7636356019756771e-06,AFW
299,0.06812286376953125,-12.644226676427191,1.6411564321694438e-06,FW,1.760298137409283e-08,2.59035823901734,-1.6411564321694438e-06,AFW
300,0.0682528018951416,-12.644226676427207,1.7316717025039896e-06,FW,1.7271039960705436e-08,2.5903582394833085,-1.7316717025039896e-06,AFW
301,0.06838202476501465,-12.644226676427225,1.6149169623919102e-06,FW,1.4833843436034828e-08,2.5903582231169118,-1.6149169623919102e-06,AFW
302,0.0685110092163086,-12.644226676427234,1.503284905779445e-06,FW,1.613988284247762e-08,2.5903582424151,-1.503284905779445e-06,AFW
303,0.06864094734191895,-12.644226676427245,1.4005220769636173e-06,FW,1.3753623914598788e-08,2.5903582444100848,-1.4005220769636173e-06,AFW
304,0.0687708854675293,-12.644226676427259,1.4890956823998547e-06,FW,1.7843675452650473e-08,2.590358249687859,-1.4890956823998547e-06,AFW
305,0.06911683082580566,-12.644226676427271,1.5278975990656862e-06,FW,1.3356294057505578e-08,2.5903582322980743,-1.5278975990656862e-06,AFW
306,0.0693979263305664,-12.644226676427278,1.295895213707099e-06,AW,1.266771097278529e-08,2.590358232707286,-1.295895213707099e-06,AFW
307,0.06953978538513184,-12.644226676427285,1.2831744082564267e-06,FW,1.2592859559773003e-08,2.590358210896544,-1.2831744082564267e-06,AFW
308,0.06967282295227051,-12.644226676427296,1.20050544655248e-06,FW,1.1349244787198313e-08,2.5903582202462663,-1.20050544655248e-06,AFW
309,0.06980466842651367,-12.644226676427298,1.200693030931066e-06,FW,1.2045953263379332e-08,2.590358205763203,-1.200693030931066e-06,AFW
310,0.06993484497070312,-12.644226676427317,1.2095047800114722e-06,FW,1.2486697697227682e-08,2.5903582159073943,-1.2095047800114722e-06,AFW
311,0.07006692886352539,-12.644226676427321,1.1373091903521537e-06,FW,1.1879994073297823e-08,2.59035821997151,-1.1373091903521537e-06,AFW
312,0.07019805908203125,-12.644226676427323,1.1054063890764132e-06,FW,1.1382122814807421e-08,2.590358211460429,-1.1054063890764132e-06,AFW
313,0.0703277587890625,-12.644226676427335,1.087367487509483e-06,FW,1.1635975144731811e-08,2.5903581959066986,-1.087367487509483e-06,AFW
314,0.07045674324035645,-12.644226676427337,1.0492763941466476e-06,FW,1.0485842755302826e-08,2.590358194172158,-1.0492763941466476e-06,AFW
315,0.0705878734588623,-12.64422667642734,1.0710837758109992e-06,FW,1.0533647999742913e-08,2.5903581978020696,-1.0710837758109992e-06,AFW
316,0.07071900367736816,-12.64422667642735,1.0281193763006513e-06,FW,1.1010052020002378e-08,2.5903582069916515,-1.0281193763006513e-06,AFW
317,0.07085084915161133,-12.644226676427355,9.727251338992327e-07,FW,,2.5903581995980822,-9.727251338992327e-07,AFW
